City_ID,City,Country,Lat,Lng,Max Temp,Humidity,Cloudiness,Wind Speed,Current Description
0,New Norfolk,AU,-42.7826,147.0587,51.71,64,98,1.01,overcast clouds
1,Yellowknife,CA,62.456,-114.3525,-21.44,76,40,4.61,scattered clouds
2,Ilo,PE,-17.6394,-71.3375,72.46,68,0,10.36,clear sky
3,Cam Ranh,VN,11.9214,109.1591,78.76,94,40,13.8,scattered clouds
4,Busselton,AU,-33.65,115.3333,60.57,94,13,7.76,few clouds
5,Whitehorse,CA,60.7161,-135.0538,-16.19,75,0,4.61,clear sky
6,Pyaozerskiy,RU,65.8333,31.1667,25.27,98,100,3.04,overcast clouds
7,Albany,US,42.6001,-73.9662,46.42,88,100,10.0,overcast clouds
8,Atuona,PF,-9.8,-139.0333,77.56,76,42,16.53,light rain
9,Severo-Kurilsk,RU,50.6789,156.125,32.56,80,85,13.65,light snow
10,Georgetown,MY,5.4112,100.3354,82.24,87,20,2.3,few clouds
11,Mataura,NZ,-46.1927,168.8643,41.05,81,45,3.44,scattered clouds
12,Cidreira,BR,-30.1811,-50.2056,72.75,86,76,17.29,broken clouds
13,Rikitea,PF,-23.1203,-134.9692,72.23,72,100,12.39,overcast clouds
14,Payson,US,40.0444,-111.7321,29.3,49,75,6.91,broken clouds
15,Tasiilaq,GL,65.6145,-37.6368,34.09,98,100,17.34,snow
16,Hithadhoo,MV,-0.6,73.0833,81.82,72,65,7.67,broken clouds
17,Tura,IN,25.5198,90.2201,63.39,81,1,3.4,clear sky
18,Ribeira Grande,PT,38.5167,-28.7,64.8,68,40,4.61,scattered clouds
19,Pangnirtung,CA,66.1451,-65.7125,-5.8,59,20,23.02,few clouds
20,Ampanihy,MG,-24.7,44.75,72.36,83,100,6.67,light rain
21,Cape Town,ZA,-33.9258,18.4232,77.41,53,0,9.22,clear sky
22,Grindavik,IS,63.8424,-22.4338,49.95,100,100,24.16,light intensity drizzle
23,Hilo,US,19.7297,-155.09,80.28,93,79,3.0,broken clouds
24,Kaitangata,NZ,-46.2817,169.8464,43.43,79,37,7.99,scattered clouds
25,Murgab,TM,37.4966,61.9714,51.67,66,75,13.8,broken clouds
26,Bac Lieu,VN,9.285,105.7244,78.78,89,98,11.36,overcast clouds
27,San Quintin,MX,30.4833,-115.95,57.18,75,56,4.32,broken clouds
28,Yulara,AU,-25.2406,130.9889,71.87,19,0,9.24,clear sky
29,Puerto Escondido,MX,15.85,-97.0667,82.65,69,99,4.81,overcast clouds
30,Asau,RO,46.4333,26.4,34.72,88,98,3.24,overcast clouds
31,Mamakan,RU,57.8161,114.0028,-3.08,90,100,6.76,overcast clouds
32,Bunde,DE,53.1833,7.2667,43.02,96,100,1.01,overcast clouds
33,Punta Arenas,CL,-53.15,-70.9167,53.62,50,75,25.32,broken clouds
34,Micheweni,TZ,-4.9667,39.8333,79.29,81,95,7.31,overcast clouds
35,General Roca,AR,-39.0333,-67.5833,78.06,35,5,6.91,clear sky
36,Changji,CN,44.0167,87.3167,-3.21,84,97,2.24,overcast clouds
37,Ushuaia,AR,-54.8,-68.3,55.02,50,75,27.63,broken clouds
38,Suez,EG,29.9737,32.5263,67.59,43,0,7.18,clear sky
39,Hobart,AU,-42.8794,147.3294,52.05,83,100,3.44,overcast clouds
40,Jamestown,US,42.097,-79.2353,46.04,70,100,24.16,moderate rain
41,Hermanus,ZA,-34.4187,19.2345,73.8,75,16,7.92,few clouds
42,La Baule-Escoublac,FR,47.2922,-2.364,46.71,82,0,9.22,clear sky
43,Oxelosund,SE,58.6706,17.1015,34.18,100,75,0.0,mist
44,Puerto Ayora,EC,-0.7393,-90.3518,76.96,94,87,4.0,overcast clouds
45,Arraial Do Cabo,BR,-22.9661,-42.0278,78.66,83,75,23.02,broken clouds
46,Cayenne,GF,4.9333,-52.3333,86.04,66,40,12.66,scattered clouds
47,Grenada,ES,37.1882,-3.6067,61.16,32,20,3.44,few clouds
48,Kapaa,US,22.0752,-159.319,71.58,81,98,5.32,overcast clouds
49,Sao Filipe,CV,14.8961,-24.4956,77.0,61,50,8.08,scattered clouds
50,Lagoa,PT,39.05,-27.9833,62.28,76,0,9.26,clear sky
51,Klaksvik,FO,62.2266,-6.589,49.12,89,99,27.45,overcast clouds
52,Barrow,US,71.2906,-156.7887,21.69,94,100,15.5,overcast clouds
53,Cabo San Lucas,MX,22.8909,-109.9124,71.06,58,65,3.62,broken clouds
54,Lompoc,US,34.6391,-120.4579,56.79,87,75,8.05,broken clouds
55,Palana,RU,59.1167,159.9667,25.77,94,100,9.28,light snow
56,Rio Tercero,AR,-32.173,-64.1141,72.81,68,100,18.84,overcast clouds
57,Honiara,SB,-9.4333,159.95,77.83,88,100,1.57,overcast clouds
58,Krikellos,GR,38.95,21.1833,58.73,80,100,5.79,overcast clouds
59,Kalmar,SE,56.6616,16.3616,37.96,93,100,3.44,overcast clouds
60,Tiarei,PF,-17.5333,-149.3333,75.22,80,10,14.41,clear sky
61,Saint George,US,37.1041,-113.5841,42.78,28,3,4.47,clear sky
62,Aklavik,CA,68.2191,-135.0107,-2.2,78,100,2.3,light snow
63,Ternate,ID,0.8,127.4,82.2,79,100,8.55,overcast clouds
64,Port Alfred,ZA,-33.5906,26.891,74.37,82,20,17.81,light rain
65,Clyde River,CA,70.4692,-68.5914,-28.97,68,0,5.75,clear sky
66,Hambantota,LK,6.1241,81.1185,75.54,100,40,2.3,scattered clouds
67,Vila Praia De Ancora,PT,41.811,-8.8526,55.11,87,100,12.08,light rain
68,Saint-Philippe,RE,-21.3585,55.7679,78.39,76,71,8.61,broken clouds
69,Stornoway,GB,58.2093,-6.3865,49.96,85,40,21.85,light rain
70,Porto Santo,PT,33.072,-16.3415,66.58,63,0,8.05,clear sky
71,Hailar,CN,49.2,119.7,-22.31,92,63,6.85,broken clouds
72,Margate,GB,51.3813,1.3862,47.7,91,99,1.01,overcast clouds
73,Isangel,VU,-19.55,169.2667,79.11,82,97,5.91,overcast clouds
74,Totness,SR,5.8833,-56.3167,82.18,70,34,7.38,scattered clouds
75,Butaritari,KI,3.0707,172.7902,81.05,77,27,11.18,scattered clouds
76,Kavieng,PG,-2.5744,150.7967,82.08,72,79,4.07,broken clouds
77,Chuy,UY,-33.6971,-53.4616,81.09,59,71,14.12,broken clouds
78,Plettenberg Bay,ZA,-34.0527,23.3716,70.02,73,57,3.11,broken clouds
79,Katsuura,JP,35.1333,140.3,55.06,83,100,22.97,overcast clouds
80,Bredasdorp,ZA,-34.5322,20.0403,73.89,52,51,13.82,broken clouds
81,Kirakira,SB,-10.4544,161.9205,78.76,83,100,1.43,overcast clouds
82,Antalya,TR,36.7741,30.7178,66.09,78,75,0.0,broken clouds
83,Beitbridge,ZW,-22.2167,30.0,86.23,25,0,16.89,clear sky
84,Esperance,AU,-33.8667,121.9,65.46,64,53,10.94,broken clouds
85,Lebu,CL,-37.6167,-73.65,57.9,63,8,20.58,clear sky
86,Nikolskoye,RU,59.7035,30.7861,24.69,86,100,4.32,overcast clouds
87,Bethel,US,41.3712,-73.414,52.54,85,100,1.01,overcast clouds
88,Minudasht,IR,37.2289,55.3747,51.37,76,75,0.0,broken clouds
89,Redding,US,40.5865,-122.3917,34.66,84,96,1.72,overcast clouds
90,Mar Del Plata,AR,-38.0023,-57.5575,72.82,84,75,11.5,light rain
91,Kysyl-Syr,RU,63.8986,122.7617,-35.82,100,98,3.02,overcast clouds
92,Dudinka,RU,69.4058,86.1778,-0.15,98,100,6.02,overcast clouds
93,Pisco,PE,-13.7,-76.2167,73.45,68,20,8.05,few clouds
94,Lulea,SE,65.5842,22.1547,32.07,93,100,1.14,fog
95,Bengkulu,ID,-3.8004,102.2655,76.71,87,99,5.17,overcast clouds
96,Nata,PA,8.3333,-80.5167,80.47,77,86,2.21,overcast clouds
97,East London,ZA,-33.0153,27.9116,70.74,83,20,23.02,few clouds
98,Tuatapere,NZ,-46.1333,167.6833,42.58,81,41,6.11,scattered clouds
99,Pulaski,US,34.7668,-92.3001,39.69,55,0,13.0,clear sky
100,Srivardhan,IN,18.0333,73.0167,75.58,70,78,4.03,broken clouds
101,Upernavik,GL,72.7868,-56.1549,6.71,91,100,16.87,light snow
102,Airai,TL,-8.9266,125.4092,60.67,92,100,0.4,overcast clouds
103,Muisne,EC,0.6,-80.0333,76.24,78,99,9.82,overcast clouds
104,Khatanga,RU,71.9667,102.5,-39.91,100,33,1.21,scattered clouds
105,Cozumel,MX,20.5083,-86.9458,86.07,74,38,8.01,scattered clouds
106,Kununurra,AU,-15.7667,128.7333,80.58,78,100,0.0,overcast clouds
107,Fare,PF,-16.7,-151.0167,79.52,76,0,14.38,clear sky
108,Hamilton,US,39.1834,-84.5333,36.99,65,37,8.01,scattered clouds
109,Dikson,RU,73.5069,80.5464,22.84,96,100,9.53,light snow
110,Boulder City,US,35.9786,-114.8325,43.59,38,0,0.0,clear sky
111,Iquique,CL,-20.2208,-70.1431,71.64,64,0,6.62,clear sky
112,Balkhash,KZ,46.844,74.9804,18.86,93,100,13.22,light snow
113,Luderitz,NA,-26.6481,15.1594,68.79,66,3,16.96,clear sky
114,Rantoul,US,40.3084,-88.1559,29.03,69,40,21.85,scattered clouds
115,Aksarka,RU,66.5606,67.7975,-7.56,97,16,2.35,few clouds
116,Ouallam,NE,14.3188,2.0866,91.36,11,78,8.48,broken clouds
117,Avera,US,33.194,-82.5271,60.85,97,100,9.78,overcast clouds
118,Erenhot,CN,43.6475,111.9767,3.97,68,4,9.91,clear sky
119,Llangefni,GB,53.2556,-4.3106,49.73,71,75,6.91,broken clouds
120,Caravelas,BR,-17.7125,-39.2481,80.96,79,97,9.48,overcast clouds
121,Vaini,TO,-21.2,-175.2,75.36,94,75,5.75,broken clouds
122,Ayorou,NE,14.7308,0.9174,91.94,11,63,6.62,broken clouds
123,Kaberamaido,UG,1.7389,33.1594,76.78,53,96,5.35,overcast clouds
124,Ponta Do Sol,PT,32.6667,-17.1,74.01,64,7,1.01,clear sky
125,Kohlu,PK,29.8962,69.252,56.48,20,4,2.08,clear sky
126,Porto Velho,BR,-8.7619,-63.9039,87.85,66,75,8.05,broken clouds
127,Flinders,AU,-34.5833,150.8552,59.05,82,90,4.34,overcast clouds
128,Carnarvon,AU,-24.8667,113.6333,70.29,81,0,16.15,clear sky
129,Wabana,CA,47.6332,-52.9481,26.56,79,43,3.0,scattered clouds
130,Sovetskiy,RU,61.3614,63.5842,7.5,94,100,2.33,overcast clouds
131,San Patricio,US,28.017,-97.5169,55.85,49,3,21.21,clear sky
132,Mayo,US,38.8876,-76.5119,53.71,92,100,11.5,light rain
133,Torbay,CA,47.6666,-52.7314,26.76,77,75,5.01,broken clouds
134,Port Elizabeth,ZA,-33.918,25.5701,76.1,80,62,8.99,broken clouds
135,Salalah,OM,17.0151,54.0924,77.59,72,0,6.76,clear sky
136,Kalmunai,LK,7.4167,81.8167,78.35,85,42,6.08,scattered clouds
137,Saulkrasti,LV,57.2622,24.4147,30.9,92,88,6.69,overcast clouds
138,Leningradskiy,RU,69.3833,178.4167,0.5,96,81,6.73,broken clouds
139,Urkut,HU,47.085,17.6439,37.33,75,100,5.53,light rain
140,Redlands,US,34.0556,-117.1825,57.94,58,13,1.21,few clouds
141,Chokurdakh,RU,70.6333,147.9167,-8.16,99,100,4.99,overcast clouds
142,Castro,BR,-24.7911,-50.0119,69.1,80,97,2.3,overcast clouds
143,Upata,VE,8.0086,-62.3989,83.19,58,58,4.72,broken clouds
144,Gondanglegi,ID,-7.7479,112.0132,73.45,89,100,6.49,overcast clouds
145,Saint-Denis,FR,48.9167,2.3333,45.99,88,100,9.22,overcast clouds
146,Okato,NZ,-39.2,173.8833,53.91,100,83,9.19,broken clouds
147,Bluff,NZ,-46.6,168.3333,49.71,71,79,14.25,broken clouds
148,Roald,NO,62.5833,6.1333,46.76,81,40,11.5,scattered clouds
149,Clive,US,41.603,-93.7241,21.74,65,20,25.32,few clouds
150,Corinto,GR,37.9407,22.9573,57.88,90,100,1.97,overcast clouds
151,Moskovskoye,RU,45.2842,41.9103,32.65,73,60,27.54,broken clouds
152,Sambava,MG,-14.2667,50.1667,75.72,84,6,2.73,clear sky
153,Naze,JP,28.3667,129.4833,60.1,79,100,18.3,moderate rain
154,Cherskiy,RU,68.75,161.3,-8.03,89,100,2.82,overcast clouds
155,Saskylakh,RU,71.9167,114.0833,-29.34,100,100,6.87,overcast clouds
156,Saldanha,ZA,-33.0117,17.9442,66.16,79,36,11.9,scattered clouds
157,Nanortalik,GL,60.1432,-45.2371,29.71,84,63,15.7,broken clouds
158,Tuktoyaktuk,CA,69.4541,-133.0374,0.93,96,100,7.47,light snow
159,Ferrol,ES,43.4832,-8.2369,54.59,82,100,4.81,overcast clouds
160,Whyalla,AU,-33.0333,137.5833,62.91,66,49,14.54,scattered clouds
161,Alofi,NU,-19.0595,-169.9187,77.65,82,82,9.26,broken clouds
162,Karratha,AU,-20.7377,116.8463,81.84,55,28,9.28,light rain
163,Macia,MZ,-25.0269,33.0989,73.22,66,5,9.08,clear sky
164,Qaanaaq,GL,77.484,-69.3632,-21.48,82,11,5.84,few clouds
165,Katangli,RU,51.7102,143.2326,-7.31,97,91,10.13,overcast clouds
166,Te Anau,NZ,-45.4167,167.7167,39.4,91,12,1.68,few clouds
167,Ketchikan,US,55.3422,-131.6461,21.67,35,0,11.5,clear sky
168,Sisimiut,GL,66.9395,-53.6735,17.37,86,100,26.6,overcast clouds
169,Lakshmeshwar,IN,15.1333,75.4667,69.93,40,1,9.13,clear sky
170,Antsohihy,MG,-14.8796,47.9875,79.47,75,72,5.99,light rain
171,Geraldton,AU,-28.7667,114.6,68.41,73,100,8.05,overcast clouds
172,Bambous Virieux,MU,-20.3428,57.7575,77.25,73,40,6.91,scattered clouds
173,Waipawa,NZ,-41.4122,175.5153,50.72,88,100,15.52,overcast clouds
174,Borogontsy,RU,62.6683,131.1683,-28.01,97,100,4.29,overcast clouds
175,Uinskoye,RU,56.8817,56.5813,6.39,99,90,1.66,overcast clouds
176,Katubao,PH,5.8892,124.8294,79.21,80,85,2.82,overcast clouds
177,Aripuana,BR,-9.1667,-60.6333,96.66,36,44,4.72,scattered clouds
178,Hasaki,JP,35.7333,140.8333,55.8,75,100,29.12,overcast clouds
179,Imeni Poliny Osipenko,RU,52.4201,136.4853,-5.13,97,100,4.74,overcast clouds
180,Oktyabrskoye,RU,43.0645,44.7417,32.14,93,100,6.71,overcast clouds
181,Harper,LR,4.375,-7.7169,82.26,72,97,6.58,light rain
182,Praia,CV,14.9215,-23.5087,77.63,58,69,13.65,broken clouds
183,Neepawa,CA,50.2289,-99.4664,5.7,74,32,11.32,scattered clouds
184,Pavlodar,KZ,52.3,76.95,-7.8,64,0,15.66,clear sky
185,Norman Wells,CA,65.282,-126.8329,-3.5,81,100,6.8,overcast clouds
186,Waingapu,ID,-9.6567,120.2641,78.35,81,69,7.14,broken clouds
187,Zhuji,CN,29.7188,120.2423,33.17,98,100,2.37,light snow
188,Makokou,GA,0.5738,12.8642,76.78,87,97,2.39,light rain
189,Oropesa,PE,-13.5928,-71.7719,69.66,26,40,5.75,scattered clouds
190,Okhotsk,RU,59.3833,143.3,7.52,73,100,30.24,overcast clouds
191,Necochea,AR,-38.5473,-58.7368,65.98,61,100,16.6,overcast clouds
192,Kupang,ID,-10.1667,123.5833,79.61,83,93,4.56,overcast clouds
193,Homa Bay,KE,-0.5273,34.4571,72.21,69,91,6.22,overcast clouds
194,Ozernovskiy,RU,51.5,156.5167,32.31,87,100,15.75,light snow
195,Sibu,MY,2.3,111.8167,73.99,97,100,1.45,overcast clouds
196,Vila Velha,BR,-20.3297,-40.2925,80.55,78,75,12.66,broken clouds
197,Nantucket,US,41.2835,-70.0995,57.34,85,40,20.71,scattered clouds
198,Moree,AU,-29.4667,149.85,66.63,51,100,7.72,light rain
199,Wattegama,LK,6.7989,81.4808,73.6,94,82,3.29,broken clouds
200,Comodoro Rivadavia,AR,-45.8667,-67.5,69.66,16,0,11.5,clear sky
201,Tubmanburg,LR,6.8708,-10.8172,82.02,77,95,4.36,moderate rain
202,Riyadh,SA,24.6877,46.7219,73.54,26,54,8.52,broken clouds
203,Yar-Sale,RU,66.8333,70.8333,-8.3,100,35,3.53,scattered clouds
204,Luwuk,ID,-0.9516,122.7875,78.39,81,98,2.51,overcast clouds
205,Lodja,CD,-3.4833,23.4333,71.94,87,85,1.3,overcast clouds
206,Abha,SA,18.2164,42.5053,59.25,82,20,4.61,few clouds
207,Barcelos,PT,41.5388,-8.6151,51.94,89,100,8.75,overcast clouds
208,Trnava,SK,48.3774,17.5872,41.58,62,100,3.76,overcast clouds
209,Petushki,RU,55.9264,39.461,10.29,98,47,3.04,scattered clouds
210,Taraz,KZ,42.9,71.3667,45.01,81,100,11.18,overcast clouds
211,Tumba,SE,59.1986,17.8332,31.05,100,97,0.0,fog
212,Fortuna,US,40.5982,-124.1573,50.67,72,100,14.97,overcast clouds
213,Ponnani,IN,10.767,75.9252,79.92,85,24,2.66,few clouds
214,Burnie,AU,-41.0667,145.9167,48.94,72,73,8.93,broken clouds
215,Luau,AO,-10.7073,22.2247,70.63,87,100,3.0,light rain
216,Voroshnevo,RU,51.6528,36.0172,23.43,60,100,12.57,overcast clouds
217,Mabaruma,GY,8.2,-59.7833,84.87,58,74,6.15,broken clouds
218,Miraflores,MX,19.2167,-98.8083,68.97,44,16,2.51,few clouds
219,Lazaro Cardenas,MX,17.9583,-102.2,81.19,63,2,1.92,clear sky
220,Roma,US,43.2128,-75.4557,45.82,79,100,18.41,overcast clouds
221,Elblag,PL,54.1522,19.4088,34.97,78,100,5.53,overcast clouds
222,Chimoio,MZ,-19.1164,33.4833,72.77,43,80,6.35,broken clouds
223,Biak,ID,-0.9131,122.8766,77.05,81,99,1.66,overcast clouds
224,Puerto Del Rosario,ES,28.5004,-13.8627,71.35,64,20,10.36,few clouds
225,Ola,RU,59.5833,151.2833,26.15,88,76,25.57,light snow
226,Ranong,TH,9.9658,98.6348,77.47,88,68,3.51,broken clouds
227,Grand Gaube,MU,-20.0064,57.6608,77.4,70,31,5.01,scattered clouds
228,Fayaoue,NC,-20.65,166.5333,80.82,78,55,5.06,broken clouds
229,Longyearbyen,SJ,78.2186,15.6401,37.24,65,40,14.97,light shower sleet
230,Harlingen,US,26.1906,-97.6961,71.51,96,100,24.16,overcast clouds
231,College,US,64.8569,-147.8028,-1.41,80,100,3.44,overcast clouds
232,Zhovtneve,UA,50.6637,24.2492,33.64,93,100,8.79,overcast clouds
233,Mount Gambier,AU,-37.8333,140.7667,50.05,97,79,3.18,broken clouds
234,Bagdarin,RU,54.4333,113.6,-15.12,80,98,3.47,overcast clouds
235,Port Hardy,CA,50.6996,-127.4199,22.62,92,97,5.28,light snow
236,Broken Hill,AU,-31.95,141.4333,65.17,41,0,9.33,clear sky
237,Enshi,CN,30.3,109.4833,33.93,94,100,3.42,light snow
238,Mahebourg,MU,-20.4081,57.7,77.29,73,40,6.91,scattered clouds
239,Brae,GB,60.3964,-1.353,48.9,80,100,18.34,overcast clouds
240,Avarua,CK,-21.2078,-159.775,75.25,83,20,8.05,few clouds
241,Baruun-Urt,MN,46.6806,113.2792,-7.17,80,25,12.17,scattered clouds
242,Codrington,AU,-38.2667,141.9667,54.95,93,100,4.07,overcast clouds
243,Saint-Augustin,CA,51.226,-58.6502,15.13,77,18,6.87,few clouds
244,Taoudenni,ML,22.6783,-3.9836,79.2,10,0,11.9,clear sky
245,Wanaka,NZ,-44.7,169.15,44.11,82,56,1.01,broken clouds
246,Lorengau,PG,-2.0226,147.2712,81.45,80,50,6.96,scattered clouds
247,Takoradi,GH,4.8845,-1.7554,83.08,70,75,7.4,light rain
248,Yei,SS,4.095,30.6779,73.94,73,100,2.62,overcast clouds
249,Rognan,NO,67.0953,15.3878,36.05,84,100,5.7,overcast clouds
250,Nosy Varika,MG,-20.5833,48.5333,77.05,80,42,8.88,light rain
251,Villa Rica,US,33.7321,-84.9191,64.09,77,54,12.46,broken clouds
252,Hong Gai,VN,20.956,107.0946,71.51,81,100,8.16,overcast clouds
253,Huarmey,PE,-10.0681,-78.1522,72.61,72,70,10.51,broken clouds
254,Celestun,MX,20.8667,-90.4,81.75,70,99,8.81,overcast clouds
255,Adrar,MR,20.5022,-10.0711,82.42,9,36,9.35,scattered clouds
256,Faanui,PF,-16.4833,-151.75,79.86,75,4,13.67,clear sky
257,Natal,BR,-5.795,-35.2094,84.85,58,20,13.8,few clouds
258,Rafaela,AR,-31.2503,-61.4867,93.99,28,100,7.0,overcast clouds
259,Ilulissat,GL,69.2167,-51.1,24.82,80,75,24.16,light snow
260,Atambua,ID,-9.1061,124.8925,74.25,88,100,1.63,overcast clouds
261,Domoni,KM,-12.2569,44.5319,79.41,76,57,2.73,broken clouds
262,Husavik,IS,66.0449,-17.3389,41.25,91,99,14.83,overcast clouds
263,Rocha,UY,-34.4833,-54.3333,87.96,41,5,10.42,clear sky
264,Champerico,GT,14.3,-91.9167,80.46,70,72,5.82,broken clouds
265,Nizhneangarsk,RU,55.7833,109.55,-7.92,89,100,2.19,overcast clouds
266,Erzincan,TR,39.75,39.5,42.1,87,75,2.3,broken clouds
267,Angoche,MZ,-16.2325,39.9086,76.15,82,86,16.17,overcast clouds
268,Sobolevo,RU,54.4299,31.8996,20.55,89,100,8.12,overcast clouds
269,Weihai,CN,37.5017,122.1136,34.84,53,100,20.8,overcast clouds
270,Sioux Lookout,CA,50.1001,-91.917,18.97,90,100,15.77,light snow
271,Narsaq,GL,60.9167,-46.05,28.62,87,93,4.07,overcast clouds
272,Jalcocotan,MX,21.4667,-105.1167,77.7,45,48,1.25,scattered clouds
273,Port Hawkesbury,CA,45.6169,-61.3485,37.18,73,25,5.01,scattered clouds
274,Hualmay,PE,-11.0964,-77.6139,71.62,72,94,10.11,overcast clouds
275,Krizevci,HR,46.0219,16.5425,40.19,94,100,8.37,overcast clouds
276,Dingle,PH,10.9995,122.6711,75.6,93,85,7.67,overcast clouds
277,Lake City,US,30.1897,-82.6393,78.62,65,0,12.66,clear sky
278,Edd,ER,13.9297,41.6925,85.15,48,0,21.27,clear sky
279,Tabas,IR,33.5959,56.9244,61.45,34,100,3.69,overcast clouds
280,Mantua,IT,45.1667,10.7833,47.01,78,100,1.99,overcast clouds
281,Veselynove,UA,47.3567,31.2349,34.2,63,84,7.92,broken clouds
282,Thompson,CA,55.7435,-97.8558,-7.78,89,99,9.66,overcast clouds
283,Cangzhou,CN,38.3167,116.8667,19.72,22,3,7.09,clear sky
284,Flagstaff,US,35.1981,-111.6513,39.11,60,0,1.01,clear sky
285,Lewiston,US,44.1003,-70.2148,46.24,97,100,0.0,mist
286,Skaerbaek,DK,55.1573,8.769,41.27,88,99,9.55,overcast clouds
287,Kruisfontein,ZA,-34.0033,24.7314,73.89,52,42,8.95,light rain
288,Beterou,BJ,9.1992,2.2586,94.46,16,24,2.53,few clouds
289,Port Blair,IN,11.6667,92.75,81.12,81,86,6.71,overcast clouds
290,Pilot Butte,CA,50.4668,-104.4178,1.02,78,75,5.75,mist
291,Laguna,US,38.421,-121.4238,48.09,86,0,0.0,clear sky
292,Ambilobe,MG,-13.2,49.05,76.48,83,51,3.44,moderate rain
293,Kelo,TD,9.3086,15.8066,87.51,20,8,4.47,clear sky
294,Marsh Harbour,BS,26.5412,-77.0636,78.55,71,68,12.08,broken clouds
295,Korla,CN,41.7597,86.1469,16.9,18,92,4.16,overcast clouds
296,Ndele,CF,8.4109,20.6473,85.87,29,100,1.77,overcast clouds
297,Jaguaruana,BR,-4.8339,-37.7811,86.45,53,99,7.43,overcast clouds
298,Ahuimanu,US,21.4447,-157.8378,74.17,93,40,3.44,scattered clouds
299,Svetlaya,RU,46.5389,138.3297,1.27,72,31,11.65,scattered clouds
300,Brazzaville,CG,-4.2658,15.2832,82.0,69,36,2.13,light rain
301,Amapa,BR,1.0,-52.0,89.73,48,88,1.81,overcast clouds
302,Los Llanos De Aridane,ES,28.6585,-17.9182,67.75,72,75,12.66,broken clouds
303,Balaghat,IN,21.8,80.1833,63.88,57,11,4.27,few clouds
304,Provideniya,RU,64.3833,-173.3,28.67,97,100,8.28,overcast clouds
305,Baykit,RU,61.67,96.37,-5.1,96,100,6.22,overcast clouds
306,Kalaleh,IR,37.3807,55.4916,54.34,69,100,1.83,overcast clouds
307,Souillac,MU,-20.5167,57.5167,77.38,73,40,6.91,scattered clouds
308,Kodiak,US,57.79,-152.4072,13.51,73,0,5.75,clear sky
309,Ulaanbaatar,MN,47.9077,106.8832,-21.87,69,0,2.24,clear sky
310,Saint Anthony,US,45.0205,-93.218,18.25,70,100,19.57,overcast clouds
311,Umba,RU,66.6871,34.3429,30.0,92,100,5.03,overcast clouds
312,Izhma,RU,65.0083,53.9113,-2.36,100,87,2.51,overcast clouds
313,Hami,CN,42.8,93.45,11.3,23,8,3.47,clear sky
314,Tigil,RU,57.8,158.6667,23.67,97,100,4.38,overcast clouds
315,Bilibino,RU,68.0546,166.4372,5.41,93,100,5.21,overcast clouds
316,Samarai,PG,-10.6167,150.6667,81.54,80,74,6.67,broken clouds
317,Mikhaylovka,RU,50.06,43.2379,23.79,60,10,9.04,clear sky
318,Kieta,PG,-6.2167,155.6333,79.09,87,96,5.03,light rain
319,Wuchi,CN,29.3786,103.023,28.13,94,100,3.53,light snow
320,Nanzhang,CN,31.7765,111.8386,31.15,74,94,2.21,overcast clouds
321,Mwembe,TZ,-4.15,37.85,70.05,77,77,7.45,light rain
322,Valera,VE,9.3178,-70.6036,81.66,66,52,5.68,broken clouds
323,Edgewater,US,28.9889,-80.9023,81.09,69,20,8.05,few clouds
324,Warmbad,NA,-28.45,18.7333,98.44,12,3,18.75,clear sky
325,Sokoto,NG,13.0609,5.239,89.04,11,2,8.19,clear sky
326,Irbil,IQ,36.1926,44.0106,58.35,79,100,5.57,moderate rain
327,Victoria,HK,22.2855,114.1577,67.24,80,100,15.99,overcast clouds
328,Gamba,GA,-2.65,10.0,79.45,81,46,7.65,light rain
329,Iqaluit,CA,63.7506,-68.5145,-20.31,75,72,5.99,broken clouds
330,Omboue,GA,-1.5746,9.2618,80.53,77,78,7.07,broken clouds
331,Asilah,MA,35.465,-6.0348,64.36,54,66,2.95,broken clouds
332,Zilair,RU,52.2332,57.4392,3.67,94,50,3.02,scattered clouds
333,Cedar City,US,37.6775,-113.0619,36.57,35,0,13.8,clear sky
334,Huaicheng,CN,23.9051,112.1931,46.89,75,95,5.17,overcast clouds
335,Isla Vista,US,34.4133,-119.861,58.82,86,75,1.01,broken clouds
336,Egvekinot,RU,66.3167,-179.1667,14.56,73,5,8.63,clear sky
337,Gobabis,NA,-22.45,18.9667,90.88,14,9,16.35,clear sky
338,Fuyang,CN,32.9,115.8167,30.65,40,100,4.36,overcast clouds
339,Sokoni,TZ,-6.4333,39.55,80.71,79,66,9.1,broken clouds
340,Vertientes,CU,21.2594,-78.1464,86.61,47,3,13.33,clear sky
341,Tiznit,MA,29.5833,-9.5,68.49,36,24,6.82,few clouds
342,Faya,SA,18.3851,42.4509,59.52,66,64,5.39,broken clouds
343,Dauriya,RU,49.9333,116.8667,-23.71,93,26,5.28,scattered clouds
344,Muros,ES,42.7762,-9.0603,56.08,92,100,8.28,overcast clouds
345,Romitan,UZ,39.9343,64.3814,37.35,81,40,11.5,scattered clouds
346,Rock Sound,BS,24.9,-76.2,79.66,74,7,14.2,clear sky
347,Strizhi,RU,58.4576,49.2867,13.23,96,99,4.18,overcast clouds
348,Jalpan,MX,21.2333,-99.4833,74.21,75,73,5.08,broken clouds
349,Pucallpa,PE,-8.3791,-74.5539,87.84,66,75,10.36,broken clouds
350,Qaqortoq,GL,60.7167,-46.0333,23.52,88,82,3.22,broken clouds
351,Tiksi,RU,71.6872,128.8694,-12.3,99,100,13.24,overcast clouds
352,Wajir,KE,1.7471,40.0573,88.56,30,57,9.75,broken clouds
353,Dunedin,NZ,-45.8742,170.5036,47.8,69,12,4.0,few clouds
354,Tabuk,PH,17.4189,121.4443,74.32,92,23,3.09,few clouds
355,Fairbanks,US,64.8378,-147.7164,-1.39,80,100,3.44,overcast clouds
356,Cambridge,CA,43.3601,-80.3127,40.75,90,100,25.32,light rain
357,Rovaniemi,FI,66.5,25.7167,27.81,93,100,2.3,overcast clouds
358,Gat,IL,31.61,34.7642,66.4,100,0,2.62,clear sky
359,Bideford,GB,51.0179,-4.2046,47.95,91,26,7.65,scattered clouds
360,Sohag,EG,26.557,31.6948,69.35,30,26,6.55,scattered clouds
361,Constitucion,CL,-35.3333,-72.4167,63.95,65,16,15.61,few clouds
362,Mount Isa,AU,-20.7333,139.5,76.77,19,3,8.05,light rain
363,Port Maria,JM,18.3685,-76.8895,91.06,90,26,14.43,light rain
364,Jamame,SO,0.0722,42.7506,78.44,81,40,9.24,scattered clouds
365,Boffa,GN,10.1667,-14.0333,90.5,49,86,4.61,overcast clouds
366,Jalandhar,IN,31.3256,75.5792,61.65,34,0,3.62,clear sky
367,Mancio Lima,BR,-7.6142,-72.8958,94.15,39,33,5.21,scattered clouds
368,Muravlenko,RU,63.7898,74.523,-16.38,99,20,3.71,few clouds
369,Madhipura,IN,25.9167,86.7833,69.19,49,18,6.2,few clouds
370,Sal Rei,CV,16.1833,-22.9167,75.78,63,5,16.49,clear sky
371,Kholodnyy,RU,62.7167,147.95,-19.16,94,100,7.2,overcast clouds
372,Fort Nelson,CA,58.8053,-122.7002,-27.81,75,20,0.0,few clouds
373,Sao Francisco Do Sul,BR,-26.2433,-48.6381,75.27,90,86,5.41,light rain
374,Moramanga,MG,-18.9333,48.2,65.97,95,67,1.36,moderate rain
375,Barentu,ER,15.1139,37.5928,82.63,20,0,10.4,clear sky
376,Starobaltachevo,RU,56.0013,55.9213,1.15,100,79,1.41,broken clouds
377,Mattru,SL,7.6244,-11.8332,84.25,67,96,0.76,moderate rain
378,Swan Hill,AU,-35.3378,143.5544,56.34,73,43,10.69,scattered clouds
379,Bay Roberts,CA,47.5999,-53.2648,27.52,72,6,1.99,clear sky
380,Altay,CN,47.8667,88.1167,2.71,57,100,6.13,overcast clouds
381,Troyes,FR,48.3333,4.0833,44.65,87,100,5.75,overcast clouds
382,Yarmouth,US,41.7057,-70.2286,57.34,86,100,12.66,overcast clouds
383,Vardo,NO,70.3705,31.1107,30.18,86,20,17.27,few clouds
384,Amalapuram,IN,16.5833,82.0167,74.14,83,11,3.65,few clouds
385,Linxia,CN,35.6003,103.2064,18.09,36,11,2.57,few clouds
386,Turinsk,RU,58.0458,63.696,4.06,98,91,2.48,overcast clouds
387,Hit,IQ,33.6416,42.8251,67.26,64,26,2.1,scattered clouds
388,Ust-Maya,RU,60.4167,134.5333,-26.27,96,100,3.89,overcast clouds
389,Gravdal,NO,68.1214,13.5031,40.89,75,75,8.05,broken clouds
390,West Bay,KY,19.3667,-81.4167,87.01,73,20,11.5,few clouds
391,Tilichiki,RU,60.4667,166.1,30.04,96,100,31.45,snow
392,Ponot,PH,8.452,123.0222,78.48,89,99,13.29,overcast clouds
393,Poopo,BO,-18.3667,-66.9667,54.52,12,0,11.03,clear sky
394,Vesyegonsk,RU,58.664,37.2604,10.89,96,62,3.31,broken clouds
395,Kahului,US,20.8947,-156.47,76.84,88,40,4.0,scattered clouds
396,Awjilah,LY,29.1081,21.2869,66.6,40,2,10.63,clear sky
397,Matagami,CA,49.7502,-77.6328,30.31,93,100,18.41,snow
398,Kabo,CF,7.6994,18.629,88.84,22,77,3.91,broken clouds
399,Shubarshi,KZ,48.5872,57.1869,17.46,38,2,11.27,clear sky
400,Batemans Bay,AU,-35.7167,150.1833,63.1,92,100,2.57,overcast clouds
401,Adamas,GR,36.7333,24.4333,56.79,89,100,2.37,overcast clouds
402,Oeiras Do Para,BR,-2.0031,-49.8544,90.1,50,88,3.22,overcast clouds
403,Lima,PE,-12.0432,-77.0282,71.85,64,40,11.5,scattered clouds
404,Nalut,LY,30.3333,10.85,57.51,39,0,10.71,clear sky
405,Coihaique,CL,-45.5752,-72.0662,57.15,41,20,10.36,few clouds
406,Sechura,PE,-5.5569,-80.8222,76.35,62,75,6.96,broken clouds
407,Mashivka,UA,49.4431,34.8669,32.04,42,93,15.39,light snow
408,Panalingaan,PH,8.7842,117.4231,79.5,84,93,3.38,overcast clouds
409,Beloha,MG,-25.1667,45.05,72.27,86,100,7.58,light rain
410,Ranot,TH,7.7777,100.3213,81.57,75,82,7.94,broken clouds
411,Manzhouli,CN,49.6,117.4333,-15.25,82,23,11.45,few clouds
412,Granja,BR,-3.1203,-40.8261,91.29,45,98,6.64,overcast clouds
413,Batagay,RU,67.6333,134.6333,-30.77,100,100,2.1,overcast clouds
414,Abonnema,NG,4.7084,6.7931,85.89,61,100,10.13,overcast clouds
415,Kingswood,GB,51.4528,-2.5083,45.99,97,75,6.91,mist
416,Talnakh,RU,69.4865,88.3972,-4.67,99,100,4.99,overcast clouds
417,Qandala,SO,11.472,49.8728,78.69,77,7,4.54,clear sky
418,Ostrovnoy,RU,68.0531,39.5131,26.28,95,90,12.57,overcast clouds
419,Meadow Lake,US,34.8014,-106.5436,46.13,29,15,1.05,few clouds
420,Barguzin,RU,53.6167,109.6167,-2.02,97,100,5.28,overcast clouds
421,Santomera,ES,38.0615,-1.0488,63.43,58,96,1.99,overcast clouds
422,Abu Samrah,SY,35.3029,37.1841,55.71,84,88,8.32,overcast clouds
423,Ferme-Neuve,CA,46.7001,-75.4493,33.1,97,100,16.62,snow
424,Sola,VU,-13.8833,167.55,82.18,75,77,11.61,broken clouds
425,Bell Ville,AR,-32.6259,-62.6887,75.67,85,100,15.93,overcast clouds
426,Abalak,RU,58.1286,68.5944,-5.33,93,88,4.88,overcast clouds
427,Kendal,GB,54.3268,-2.7476,39.6,94,100,3.13,overcast clouds
428,Villa Maria,AR,-32.4075,-63.2402,74.82,77,100,17.65,overcast clouds
429,Port Macquarie,AU,-31.4333,152.9167,59.9,70,100,1.28,overcast clouds
430,Semnan,IR,35.5729,53.3971,51.75,47,100,0.87,overcast clouds
431,Rosetta,EG,31.4044,30.4164,66.4,60,1,6.78,clear sky
432,Chara,RU,56.9064,118.2631,-24.9,85,87,2.06,overcast clouds
433,Takaungu,KE,-3.6837,39.8566,78.57,83,98,6.55,overcast clouds
434,Ponta Delgada,PT,37.7333,-25.6667,66.51,72,75,5.75,broken clouds
435,Noumea,NC,-22.2763,166.4572,81.0,99,30,4.72,scattered clouds
436,Palasa,IN,18.7667,84.4167,73.06,69,1,6.17,clear sky
437,Berlevag,NO,70.8578,29.0864,33.8,80,75,11.5,broken clouds
438,Kozhevnikovo,RU,56.2589,83.9714,-13.92,97,9,0.92,clear sky
439,San Carlos De Bariloche,AR,-41.1456,-71.3082,60.55,20,0,16.11,clear sky
440,Obo,CF,5.3998,26.4869,77.74,63,93,3.56,light rain
441,Tala,EG,30.6803,30.9429,64.0,50,8,7.29,clear sky
442,Chichibu,JP,35.9903,139.0764,52.39,98,83,1.99,broken clouds
443,Kloulklubed,PW,7.0419,134.2556,84.06,77,96,18.95,overcast clouds
444,Northam,GB,51.0333,-4.2167,47.25,90,26,7.78,scattered clouds
445,Santa Maria,BR,-29.6842,-53.8069,90.5,37,31,9.13,scattered clouds
446,Pevek,RU,69.7008,170.3133,-10.08,97,40,5.57,scattered clouds
447,Itarema,BR,-2.9248,-39.9167,85.66,59,100,11.68,overcast clouds
448,Frogner,NO,60.0167,11.1,36.48,95,100,2.3,overcast clouds
449,Jalu,LY,29.0331,21.5482,67.66,38,3,8.28,clear sky
450,Pando,UY,-34.7167,-55.95,84.6,65,75,12.66,broken clouds
451,Macamic,CA,48.7502,-78.9996,34.52,95,100,16.87,light snow
452,Tynda,RU,55.1667,124.7167,-33.84,97,72,3.89,broken clouds
453,Nagato,JP,34.3833,131.2,44.46,64,98,15.88,overcast clouds
454,Maniitsoq,GL,65.4167,-52.9,23.22,73,100,31.38,overcast clouds
455,Katobu,ID,-4.9408,122.5276,75.78,90,100,0.87,overcast clouds
456,Abu Kamal,SY,34.4506,40.9171,60.84,68,90,5.48,overcast clouds
457,Oum Hadjer,TD,13.2954,19.6966,87.64,16,50,7.43,scattered clouds
458,Ayutla,MX,20.1167,-104.3333,72.9,41,38,2.66,scattered clouds
459,Cap Malheureux,MU,-19.9842,57.6142,77.47,70,27,5.01,scattered clouds
460,Taihe,CN,30.8712,105.3845,37.22,98,100,8.75,overcast clouds
461,Guerrero Negro,MX,27.9769,-114.0611,61.52,72,6,8.21,clear sky
462,Baglan,AF,36.1307,68.7083,53.49,60,100,1.25,overcast clouds
463,Chiapilla,MX,16.5167,-92.7333,76.8,73,11,2.3,few clouds
464,Bantry,IE,51.6833,-9.45,52.79,98,100,6.33,overcast clouds
465,Satipo,PE,-11.2522,-74.6386,86.68,52,95,3.47,overcast clouds
466,Richards Bay,ZA,-28.783,32.0377,73.94,67,0,13.09,clear sky
467,Rio Claro,BR,-22.4114,-47.5614,86.5,49,99,10.85,overcast clouds
468,Conde,BR,-7.2597,-34.9075,85.46,58,75,11.5,broken clouds
469,Taksimo,RU,56.3444,114.8794,-14.8,89,99,2.3,overcast clouds
470,Abu Dhabi,AE,24.4667,54.3667,78.96,73,65,11.54,broken clouds
471,Bose,IT,45.4612,8.0137,42.3,89,89,2.21,overcast clouds
472,Imphal,IN,24.8167,93.95,64.18,93,70,2.1,broken clouds
473,San Cristobal,VE,7.7669,-72.225,69.98,87,97,4.14,overcast clouds
474,Zhanaozen,KZ,43.3,52.8,28.38,39,47,11.05,scattered clouds
475,Buraydah,SA,26.326,43.975,72.73,44,11,11.7,few clouds
476,Ustye,RU,59.6304,39.736,9.82,96,41,2.64,scattered clouds
477,Namibe,AO,-15.1961,12.1522,72.36,72,16,10.98,few clouds
478,Montlucon,FR,46.3333,2.6,43.7,92,87,7.76,overcast clouds
479,Kokopo,PG,-4.352,152.2633,78.51,81,98,5.97,overcast clouds
480,Dindori,IN,22.95,81.0833,59.05,57,42,3.4,scattered clouds
481,Esfarayen,IR,37.0765,57.5101,46.44,59,98,3.38,overcast clouds
482,Havelock,US,34.8791,-76.9013,68.94,90,100,10.36,heavy intensity rain
483,Road Town,VG,18.4167,-64.6167,84.29,74,40,10.36,scattered clouds
484,Tezu,IN,27.9167,96.1667,65.86,44,34,4.76,scattered clouds
485,Saint-Leu,RE,-21.15,55.2833,77.86,76,90,1.83,light rain
486,Port Lincoln,AU,-34.7333,135.8667,57.25,82,64,14.63,broken clouds
487,Lasalgaon,IN,20.15,74.2333,70.7,40,54,6.55,broken clouds
488,La Ronge,CA,55.1001,-105.2842,-5.35,83,60,3.98,broken clouds
489,Touros,BR,-5.1989,-35.4608,84.38,56,99,12.28,overcast clouds
490,Eureka,US,40.8021,-124.1637,50.94,72,100,8.01,overcast clouds
491,Langsa,ID,4.4683,97.9683,75.9,92,98,2.82,overcast clouds
492,Coahuayana,MX,18.7333,-103.6833,82.69,61,1,2.21,clear sky
493,Frolishchi,RU,56.4211,42.6533,10.56,97,32,1.45,scattered clouds
494,San Juan Bautista,PE,-14.0108,-75.7358,79.84,43,54,3.58,broken clouds
495,Krasnaya Gorbatka,RU,55.8703,41.7641,8.53,97,29,1.52,scattered clouds
496,Andenes,NO,69.3143,16.1194,37.92,93,75,11.5,light intensity drizzle
497,Praia Da Vitoria,PT,38.7333,-27.0667,64.76,88,6,3.91,clear sky
498,Ulladulla,AU,-35.35,150.4667,54.63,88,90,3.31,overcast clouds
499,Gejiu,CN,23.306,103.1635,52.05,96,22,4.27,few clouds
500,Komarikhinskiy,RU,58.0979,57.1163,6.73,99,86,0.38,overcast clouds
501,Puqi,CN,29.7167,113.8833,31.87,94,100,8.72,light snow
502,Rjukan,NO,59.8789,8.5941,30.45,95,94,1.57,overcast clouds
503,Lloydminster,CA,53.2835,-110.0016,-9.18,84,75,11.5,broken clouds
504,Albury,AU,-36.0833,146.9167,61.02,100,47,5.01,scattered clouds
505,Brigantine,US,39.4101,-74.3646,57.4,93,100,20.0,moderate rain
506,Sitka,US,57.0531,-135.33,26.49,26,0,3.44,clear sky
507,Gunjur,GM,13.2019,-16.7339,89.67,40,60,8.05,broken clouds
508,Peniche,PT,39.3558,-9.3811,55.56,96,100,2.89,overcast clouds
509,Vicuna,CL,-30.0319,-70.7081,60.53,44,1,9.53,clear sky
510,Manggar,ID,-2.8833,108.2667,80.04,80,100,4.9,overcast clouds
511,Voh,NC,-20.9667,164.7,77.29,88,77,4.0,broken clouds
512,Sinnamary,GF,5.3833,-52.95,79.75,84,37,8.77,scattered clouds
513,Shaunavon,CA,49.6501,-108.4181,-0.62,91,99,13.69,overcast clouds
514,Olafsvik,IS,64.8945,-23.7142,45.7,96,100,20.07,light rain
515,Walvis Bay,NA,-22.9575,14.5053,67.08,67,33,23.22,scattered clouds
516,Port Hedland,AU,-20.3167,118.5667,82.45,74,34,8.05,scattered clouds
517,Nicoya,CR,10.1483,-85.452,76.91,78,100,4.05,overcast clouds
518,Thinadhoo,MV,0.5333,72.9333,81.59,66,28,7.45,scattered clouds
519,Ulkan,RU,57.243,107.3223,-1.71,96,100,12.19,light snow
520,San Carlos,VE,9.6612,-68.5827,86.94,51,11,2.37,few clouds
521,Agirish,RU,61.9247,63.0231,4.51,96,100,2.53,overcast clouds
522,Superior,US,46.7208,-92.1041,18.48,67,100,25.32,overcast clouds
523,Bitaogan,PH,6.7684,126.0774,78.24,85,97,5.55,overcast clouds
524,Westport,US,41.1415,-73.3579,55.89,91,100,11.99,light rain
525,Zanesville,US,39.9404,-82.0132,39.76,82,100,24.16,overcast clouds
526,Yerbogachen,RU,61.2767,108.0108,2.53,95,100,9.26,light snow
527,Glendive,US,47.1053,-104.7125,8.49,81,0,3.44,clear sky
528,Cheremnoye,RU,53.1697,83.2133,-7.01,91,8,6.06,clear sky
529,Alta Floresta,BR,-9.8756,-56.0861,89.42,62,75,9.22,broken clouds
530,Camacha,PT,33.0833,-16.3333,63.82,63,0,9.22,clear sky
531,Portland,US,45.5234,-122.6762,46.38,95,75,7.0,broken clouds
532,Santa Cecilia,BR,-26.9608,-50.4269,61.02,95,100,3.44,overcast clouds
533,Raybag,IN,16.4833,74.7833,70.27,37,1,7.67,clear sky
534,Sabang,ID,5.8933,95.3214,82.17,71,71,4.59,broken clouds
535,Sibolga,ID,1.7427,98.7792,76.62,86,100,2.86,overcast clouds
536,Sokolo,ML,14.7328,-6.1219,92.32,9,98,7.72,overcast clouds
537,Kinshasa,CD,-4.3246,15.3215,80.83,74,42,1.99,light rain
538,Blagoyevo,RU,63.3667,47.9167,21.16,97,89,3.62,overcast clouds
539,Roseburg,US,43.2165,-123.3417,50.11,67,100,11.5,overcast clouds
540,Hervey Bay,AU,-25.2986,152.8535,69.35,87,100,27.51,light rain
541,Illapel,CL,-31.6308,-71.1653,74.53,55,59,8.16,broken clouds
542,Kulunda,RU,52.566,78.9385,-5.1,89,7,7.9,clear sky
543,Moose Factory,CA,51.2585,-80.6094,33.8,93,100,14.97,light rain
544,Manaure,CO,11.7751,-72.4445,84.6,61,5,10.47,clear sky
545,Maragogi,BR,-9.0122,-35.2225,78.85,74,100,7.23,overcast clouds
546,Ilhabela,BR,-23.7781,-45.3581,78.19,81,100,7.0,overcast clouds
547,Homer,US,59.6425,-151.5483,22.8,62,0,10.0,clear sky
548,San Andres,CO,12.5847,-81.7006,86.02,66,20,17.27,few clouds
549,Zamora,EC,-4.0692,-78.9567,83.44,32,34,1.28,scattered clouds
550,Port Arthur,CN,38.8,121.2667,34.92,45,99,19.69,overcast clouds
551,Mahibadhoo,MV,3.7833,72.9667,81.55,68,58,5.66,broken clouds
552,Haines Junction,CA,60.7522,-137.5108,-29.25,68,57,1.14,broken clouds
553,Pitimbu,BR,-7.4706,-34.8086,86.59,68,100,10.02,overcast clouds
554,Gasa,PS,31.5,34.4667,62.89,67,0,2.59,clear sky
555,Amahai,ID,-3.3333,128.9167,77.99,87,100,4.65,overcast clouds
556,Kailua,US,21.4022,-157.7394,74.44,93,100,1.01,overcast clouds
557,Dakar,SN,14.6937,-17.4441,95.88,51,8,9.22,clear sky
558,Filingue,NE,14.3521,3.3168,90.68,10,25,8.93,scattered clouds
559,Gambela,ET,8.25,34.5833,81.61,54,92,2.77,light rain
560,Da Lat,VN,11.9465,108.4419,57.4,98,93,3.24,overcast clouds
561,Matara,LK,5.9485,80.5353,76.46,86,98,2.17,overcast clouds
562,Carazinho,BR,-28.2839,-52.7864,81.84,49,36,9.06,scattered clouds
563,Syracuse,IT,37.0881,15.2792,58.59,65,100,4.03,overcast clouds
564,Quelimane,MZ,-17.8786,36.8883,76.95,69,40,3.44,scattered clouds
565,Juybar,IR,36.6412,52.9124,57.29,72,93,3.91,overcast clouds
566,Kaduna,NG,10.5222,7.4383,89.46,20,61,3.18,broken clouds
567,Salinopolis,BR,-0.6136,-47.3561,85.48,59,99,5.97,overcast clouds
568,Padang,ID,-0.9492,100.3543,75.25,91,100,4.61,moderate rain
569,Kez,RU,57.8979,53.7152,10.54,99,92,1.83,overcast clouds
570,Nouakchott,MR,18.0858,-15.9785,87.73,38,0,12.66,clear sky
571,San Miguel,SV,13.4833,-88.1833,87.46,76,0,5.75,clear sky
572,Vao,NC,-22.6667,167.4833,77.54,84,49,6.46,scattered clouds
573,Nikoklia,GR,40.9333,23.4333,54.34,87,100,3.78,overcast clouds
574,Kamina,CD,-8.7386,24.9906,69.46,86,99,2.17,light rain
575,Chiredzi,ZW,-21.05,31.6667,77.74,37,0,9.57,clear sky
576,Chapleau,CA,47.8405,-83.4034,28.71,78,100,15.37,overcast clouds
577,Oistins,BB,13.0667,-59.5333,84.29,70,20,14.97,few clouds
578,Pochutla,MX,15.7432,-96.4661,86.83,60,94,4.14,overcast clouds
579,Borba,BR,-4.3878,-59.5939,94.57,44,85,3.11,overcast clouds
580,Acari,PE,-15.4311,-74.6158,80.69,50,15,10.07,few clouds
581,Mari-Turek,RU,56.7895,49.6235,6.48,97,97,5.03,overcast clouds
582,Nome,US,64.5011,-165.4064,19.47,86,100,17.27,snow
583,Anloga,GH,5.7947,0.8973,83.1,71,52,10.83,broken clouds
584,Teya,RU,60.3778,92.6267,-10.79,98,100,4.27,overcast clouds
585,Beyneu,KZ,45.3167,55.2,24.8,33,0,8.55,clear sky
586,North Bend,US,43.4065,-124.2243,49.24,96,100,19.57,light rain
587,Sao Borja,BR,-28.6606,-56.0044,91.94,29,0,4.92,clear sky
588,Bismil,TR,37.8486,40.6658,55.51,82,94,2.84,overcast clouds
589,Mokhsogollokh,RU,61.4681,128.9203,-18.45,93,100,7.49,overcast clouds
590,Cloquet,US,46.7216,-92.4594,15.87,71,100,17.27,overcast clouds
591,Lagunas,PE,-5.2269,-75.6753,93.06,45,60,5.14,broken clouds
592,Bonavista,CA,48.6499,-53.1147,27.3,78,95,15.28,overcast clouds
593,Neryungri,RU,56.6709,124.6491,-21.48,98,100,2.91,overcast clouds
594,Raudeberg,NO,61.9875,5.1352,43.47,72,58,8.79,broken clouds
595,Ust-Kalmanka,RU,52.1207,83.305,-13.31,97,10,6.11,clear sky
596,Clearlake,US,38.9582,-122.6264,40.15,71,87,1.63,overcast clouds
597,Verkhnyaya Inta,RU,65.9811,60.3094,-7.85,99,59,2.08,broken clouds
598,Terney,RU,45.0503,136.6092,3.34,73,65,11.74,broken clouds
599,Sidmouth,GB,50.6909,-3.2397,47.98,93,75,5.75,broken clouds
600,Leh,IN,34.1667,77.5833,18.37,49,1,1.25,clear sky
601,Taltal,CL,-25.4,-70.4833,65.79,73,46,5.66,scattered clouds
602,Varberg,SE,57.1056,12.2508,38.23,91,100,10.54,light rain
603,Rio Grande,BR,-32.035,-52.0986,84.31,74,39,18.25,scattered clouds
604,Ust-Ilimsk,RU,58.0006,102.6619,-5.21,96,100,12.15,light snow
605,Skjervoy,NO,70.0311,20.9714,32.0,71,48,7.58,scattered clouds
606,Dese,ET,11.1333,39.6333,51.58,48,3,3.42,clear sky
607,Strausberg,DE,52.5786,13.8874,35.65,85,78,6.58,broken clouds
608,Port Lavaca,US,28.615,-96.6261,55.45,70,0,20.71,clear sky
609,Hovd,MN,48.0056,91.6419,-5.08,78,75,2.35,broken clouds
610,Deputatskiy,RU,69.3,139.9,-17.54,100,100,2.26,overcast clouds
611,Penzance,GB,50.1186,-5.5371,50.77,87,20,12.66,few clouds
612,Lavrentiya,RU,65.5833,-171.0,29.93,97,100,8.77,snow
613,Tsuruoka,JP,38.7217,139.8217,37.29,86,100,18.37,light rain
614,Cradock,ZA,-32.1642,25.6192,82.69,39,87,10.25,light rain
615,Makakilo City,US,21.3469,-158.0858,72.99,85,0,4.61,clear sky
616,Rioblanco,CO,3.5308,-75.6806,66.6,79,100,2.33,overcast clouds
617,Huambo,AO,-12.7761,15.7392,69.8,69,100,4.83,light rain
618,Oranjestad,AW,12.524,-70.027,84.15,84,40,18.41,scattered clouds
619,Ayan,RU,56.45,138.1667,-8.07,88,100,30.71,overcast clouds
620,Pitanga,BR,-24.7572,-51.7614,75.34,66,99,2.3,overcast clouds
621,Juneau,US,58.3019,-134.4197,17.6,100,20,5.75,few clouds
622,Ancud,CL,-41.8697,-73.8203,55.71,51,13,10.18,few clouds
623,Aiken,US,33.5835,-81.5998,63.19,95,0,8.05,clear sky
624,Cockburn Town,TC,21.4612,-71.1419,80.69,67,2,20.94,clear sky
625,Pemangkat,ID,1.1667,108.9667,77.9,85,100,4.63,overcast clouds
626,Atar,MR,20.5169,-13.0499,87.01,10,0,8.55,clear sky
627,Busteni,RO,45.4,25.5333,32.05,92,95,2.59,overcast clouds
628,Port-Gentil,GA,-0.7193,8.7815,82.36,83,75,9.22,broken clouds
629,Kartuzy,PL,54.3342,18.1974,33.58,90,100,10.36,overcast clouds
630,Yaring,TH,6.8662,101.3689,79.59,80,87,5.73,overcast clouds
631,Bilma,NE,18.6853,12.9164,74.32,23,29,7.38,scattered clouds
632,Maltahohe,NA,-24.8333,16.9833,82.98,31,98,19.64,overcast clouds
633,Nijar,ES,36.9665,-2.206,56.84,77,20,3.44,few clouds
634,Nizhniy Odes,RU,63.6445,54.856,2.07,100,90,3.18,overcast clouds
635,Nacogdoches,US,31.6002,-94.6335,49.64,57,0,8.05,clear sky
636,Paamiut,GL,61.994,-49.6678,26.56,85,100,46.42,overcast clouds
637,Cervo,ES,43.6702,-7.4101,56.97,79,100,8.19,overcast clouds
638,Panjakent,TJ,39.4952,67.6093,42.78,84,51,2.13,broken clouds
639,Viesca,MX,25.35,-102.8,70.93,17,3,2.21,clear sky
640,Zhigansk,RU,66.7697,123.3711,-29.87,94,100,10.67,overcast clouds
641,Alakurtti,RU,66.9672,30.3491,22.98,99,100,1.74,overcast clouds
642,Birjand,IR,32.8663,59.2211,50.47,20,0,4.61,clear sky
643,Uni,RU,57.7535,51.4923,14.23,96,99,4.23,overcast clouds
644,Leshukonskoye,RU,64.8989,45.7622,27.23,94,100,3.33,overcast clouds
645,Otane,NZ,-39.8833,176.6333,53.01,88,58,4.56,broken clouds
646,Nemuro,JP,43.3236,145.575,29.62,57,33,23.87,scattered clouds
647,Warwick,US,41.7001,-71.4162,57.9,86,100,17.27,overcast clouds
648,San,ML,13.3034,-4.8956,93.61,10,51,6.51,broken clouds
649,Aberdeen,GB,57.1437,-2.0981,43.29,94,100,10.36,overcast clouds
650,Valparaiso,CL,-33.0393,-71.6273,69.44,68,75,10.36,broken clouds
651,Moerai,PF,-22.4333,-151.3333,75.11,70,100,8.77,overcast clouds
652,Mehamn,NO,71.0357,27.8492,33.75,93,75,6.91,broken clouds
653,Lasa,IT,46.6166,10.7002,45.48,95,100,2.84,overcast clouds
654,Shelabolikha,RU,53.4131,82.6167,-9.11,96,5,3.51,clear sky
655,Wenling,CN,28.3669,121.36,42.57,84,100,14.25,overcast clouds
656,Beausejour,CA,50.0622,-96.5167,7.81,89,100,18.52,overcast clouds
657,Ewa Beach,US,21.3156,-158.0072,74.41,86,0,4.61,clear sky
658,Nanakuli,US,21.3906,-158.1547,74.43,72,0,4.61,clear sky
659,Sijunjung,ID,-0.6876,100.9537,72.66,99,100,1.23,light rain
660,Lata,PT,40.1629,-8.3327,51.08,95,100,4.99,overcast clouds
661,Toba,JP,34.4833,136.85,53.6,65,68,25.57,broken clouds
662,Kaeo,NZ,-35.1,173.7833,52.32,91,68,9.57,broken clouds
663,Kasongo-Lunda,CD,-6.4667,16.8167,71.71,91,100,0.98,overcast clouds
664,Usinsk,RU,65.9939,57.5281,-6.72,100,99,4.38,overcast clouds
665,Palmer,US,42.1584,-72.3287,52.86,80,100,1.01,overcast clouds
666,Kushmurun,KZ,52.4503,64.6311,2.91,84,96,10.67,overcast clouds
667,Todos Santos,MX,23.45,-110.2167,75.04,76,60,2.93,broken clouds
668,Ikalamavony,MG,-21.15,46.5833,75.83,56,97,8.68,overcast clouds
669,Auki,SB,-8.7676,160.7034,76.62,88,100,3.06,overcast clouds
670,Karera,IN,25.4667,78.15,62.13,37,0,3.53,clear sky
671,Martapura,ID,-3.4167,114.85,75.29,94,100,4.61,light rain
672,Havre,FR,49.5833,0.3333,42.57,87,20,4.61,few clouds
673,Pericos,MX,25.05,-107.7,71.85,31,1,2.26,clear sky
674,Searcy,US,35.2506,-91.7363,39.2,46,0,12.66,clear sky
675,Pavlogradka,RU,54.2024,73.5592,-1.89,86,16,9.8,few clouds
676,Ornskoldsvik,SE,63.2909,18.7153,32.95,100,75,2.3,mist
677,Tonekabon,IR,36.8163,50.8738,55.35,90,100,3.24,light rain
678,Pinerovka,RU,51.562,43.0689,24.21,54,14,6.78,few clouds
679,Dongsheng,CN,39.8161,109.9776,6.28,22,0,9.75,clear sky
680,Cairns,AU,-16.9167,145.7667,77.07,97,100,4.61,overcast clouds
681,Shushenskoye,RU,53.325,91.9356,-12.66,99,29,2.21,scattered clouds
682,The Valley,AI,18.217,-63.0578,85.86,65,40,12.66,scattered clouds
683,Tanout,NE,14.9709,8.8879,80.24,16,9,9.69,clear sky
684,Musoma,TZ,-1.5,33.8,73.27,66,100,3.58,overcast clouds
685,Buin,CL,-33.7333,-70.75,79.05,35,5,9.35,clear sky
686,Ludvika,SE,60.1496,15.1878,33.78,96,100,0.65,overcast clouds
687,Lanzhou,CN,36.0564,103.7922,20.79,36,5,3.09,clear sky
688,Elban,RU,50.1018,136.5094,-5.78,86,100,10.78,overcast clouds
689,Grootfontein,NA,-19.5667,18.1167,87.37,23,20,10.36,few clouds
690,Jishou,CN,28.3167,109.7167,30.11,85,100,6.76,overcast clouds
691,Olinda,BR,-8.0089,-34.8553,76.73,78,75,4.61,broken clouds
692,Sirohi,IN,24.8833,72.8667,64.08,28,0,4.21,clear sky
693,Sembakung,ID,3.8167,117.25,74.1,98,58,0.47,broken clouds
694,Nushki,PK,29.5542,66.0215,56.16,29,4,2.21,clear sky
695,Kandrian,PG,-6.2167,149.55,77.09,88,72,7.49,broken clouds
696,Carauari,BR,-4.8828,-66.8958,89.44,57,98,5.06,overcast clouds
697,Nelson Bay,AU,-32.7167,152.15,64.99,73,100,8.99,light rain
698,Quincy,US,42.2529,-71.0023,54.45,86,100,6.91,overcast clouds
699,Baker City,US,44.7749,-117.8344,30.6,84,100,19.57,overcast clouds
700,Lang Son,VN,21.8333,106.7333,54.39,87,100,7.87,overcast clouds
701,Anadyr,RU,64.75,177.4833,16.3,92,0,4.47,clear sky
702,Santa Isabel Do Rio Negro,BR,-0.4139,-65.0192,92.44,47,59,4.23,broken clouds
703,New Amsterdam,GY,6.25,-57.5167,83.71,66,4,5.97,clear sky
